Episode	Date	Title	Duration	Categories	first_name	last_name	interviewee_link	gender	position	company_name	company_link	location	latitude	longitude	full_name	number_of_interviews
1	2019-01-14	The future of collecting and updating geospatial data at a global scale	46:08:00	Earth Observation, Geospatial Startups, Geospatial Tech and Tools, GIS	Ariel	Seidman	https://www.linkedin.com/in/aseidman/	m	CEO, Founder	Hivemapper	https://hivemapper.com/	San Francisco Bay Area	37.7884969	-122.3558473	Ariel Seidman	2.0
2	2019-02-08	Indoor mapping and navigation: Manage, visualize, and analyze data	40:37:00	Geospatial Concepts, Geospatial Tech and Tools, GIS	Chris	Wiegand	https://www.linkedin.com/in/chris-wiegand-4790a318/	m	CEO, Founder	Jibestream	https://apps.jibestream.com/				Chris Wiegand	1.0
3	2019-03-10	Bellerby & Co Ð The globemakers	46:35:00	GIS	Peter	Bellerby	https://bellerbyandco.com/meet-the-team/	m	CEO, Founder	Bellerby & Co	https://bellerbyandco.com/	London, England, Islington, Borough of Hackney, Bouverie Mews No 7	51.5625709	-0.0788484	Peter Bellerby	1.0
4	2019-04-02	freelance mappers create maps for machines	43:43:00	Geospatial Startups, Geospatial Tech and Tools, GIS	Nikhil	Naikal	https://www.linkedin.com/in/nnaikal/	m	CEO	Mapper.ai	https://mapper.ai/about/	San Francisco Bay Area	37.7884969	-122.3558473	Nikhil Naikal	1.0
5	2019-04-08	Powering location intelligence with geo social data Ð Spatial.ai	33:48:00	Geospatial Concepts, Geospatial Startups, Geospatial Tech and Tools, GIS	LØden	Foust	https://www.linkedin.com/in/lydenfoust/	m	CEO, Founder	Spatial.ai	https://www.spatial.ai/	Cincinnati, Ohio, USA	39.1014537	-84.5124602	LØden Foust	1.0
6	2019-04-16	Data discovery Ð the way it should be	38:40:00		Anne	Harper	https://www.linkedin.com/in/anne-harper-65663b22/?originalSubdomain=nz	f	Business Development Manager	Koordinates	https://koordinates.com/	Auckland, Auckland, New Zealand	-36.852095	174.7631803	Anne Harper	1.0
7	2019-04-25	Augmented reality will change the way you think about geospatial	29:52:00	Geospatial Concepts, Geospatial Tech and Tools, GIS	Alec	Pestov	https://www.linkedin.com/in/alec-pestov/?originalSubdomain=ca	m	CEO, Founder	vGIS	https://www.vgis.io/	Toronto, Ontario, Canada	43.6534817	-79.3839347	Alec Pestov	1.0
8	2019-05-03	Geo-tagged audio Ð another way of augmenting reality	29:25:00	Geospatial Concepts, Geospatial Startups, Geospatial Tech and Tools, GIS	Josh	Kope_ek	https://www.linkedin.com/in/joshkopecek/	m	Director, Founder	Echoes.xyz	https://echoes.xyz/	Okehampton, England, United Kingdom	50.7376766	-4.000319	Josh Kope_ek	1.0
9	2019-05-08	Proof of location, bringing the blockchain to the real world	26:14:00		Arie	Trouw	https://www.linkedin.com/in/arietrouw/	m	CEO, CTO, Founder	XYO	https://xyo.network/	San Diego, California, USA	32.7174202	-117.162772	Arie Trouw	1.0
10	2019-05-15	Mapping Personalised Workplace Risk	32:29:00	GIS	Clint	van Marrewijk	https://www.linkedin.com/in/clint-van-marrewijk-37584032/	m	Director, Founder	SaferMe	https://www.safer.me/features/	Austin, Texas, USA	30.2711286	-97.7436995	Clint van Marrewijk	1.0
11	2019-05-22	Translating between machine and human when talking about location	41:37:00	Geospatial Concepts, GIS	Ed	Freyfogle	https://www.linkedin.com/in/edfreyfogle/	m	CEO, Founder	OpenCage	https://opencagedata.com/	Heilbad Heiligenstadt, Thuringia, Germany	51.3756186	10.138224	Ed Freyfogle	2.0
12	2019-05-29	Tracking global air traffic in real time	25:17:00		Ian	Petchenik	https://www.linkedin.com/in/ianpetchenik/	m	Director of Communications	Flightradar24	https://www.flightradar24.com/45.93,2.59/5	Chicago, United States of America	41.8755616	-87.6244212	Ian Petchenik	1.0
13	2019-06-05	A mapping platform for your outdoor adventures	33:38:00	Geospatial Startups, Geospatial Tech and Tools, GIS	Misha	Gopaul	https://www.linkedin.com/in/misha-gopaul-1b3a161/	m	VP Product, Founder	FATMAP	https://fatmap.com/	Genf, Genf, Switzerland	46.2017559	6.1466014	Misha Gopaul	1.0
14	2019-06-12	Scaling map data generation using computer vision	32:15:00	Geospatial Startups, Geospatial Tech and Tools	Jan Erik	Solem	https://www.linkedin.com/in/solem/	m	CEO, Founder	Mapillary	https://www.mapillary.com/	Malmo, Skane Lan, Sweden	55.6052931	13.0001566	Jan Erik Solem	1.0
15	2019-06-19	A diary of your location Ð recording your travel journeys using GPS tracks	43:32:00	Geospatial Startups, Geospatial Tech and Tools, GIS	Tim	Fernando	https://www.linkedin.com/in/timfernando/?originalSubdomain=uk	m	CEO, Founder	Esplorio	https://esplor.io/	London, England, UK	51.4893335	-0.1440551	Tim Fernando	1.0
16	2019-06-25	Positioning as a service and the role of smartphones in the future of geolocation	29:09:00	Geospatial Concepts, Geospatial Startups, Geospatial Tech and Tools	Xavier			m		Rocavon???						
17	2019-07-03	Creating Global Activity Specific Maps	27:49:00	Geospatial Career, Geospatial Tech and Tools, GIS	Andy	Allan	https://www.gravitystorm.co.uk/	m	CEO, Founder	Thunderforest	https://www.thunderforest.com/	London, UK	51.4893335	-0.1440551	Andy Allan	1.0
18	2019-07-10	Mapping the way we relate to the urban environment	38:08:00	Geospatial Career, Geospatial Concepts, GIS	Femi	Adelakun II	https://www.linkedin.com/in/femi-adelakun-ii-aa6aa081/	m	Geospatial Analyst, Founder	City78	https://city78.org/	Washington DC, USA	38.8950368	-77.0365427	Femi Adelakun II	1.0
19	2019-07-17	A geospatial story and some housekeeping	38:05:00		Daniel	O'Donohue	https://www.linkedin.com/in/danielodonohue/	m	CEO, Founder	MapScaping	https://mapscaping.com/	Vejle, Syddanmark, Denmark	55.7066917	9.5365649	Daniel O'Donohue	8.0
20	2019-07-31	The Google Drive of geospatial Ð curation over creation	40:39:00	Geospatial Startups, Geospatial Tech and Tools, GIS	Rachel	Olney	https://www.linkedin.com/in/rachelolney/	f	CEO, Founder	Geosite	https://www.geosite.io/	Stanford, Kalifornien, USA	37.427467	-122.1702445	Rachel Olney	1.0
21	2019-08-08	Immersive maps give context to data Ð this is Street View for rivers	23:12		Courtney	Gallagher	https://www.linkedin.com/in/courtney-gallagher-98445918/	f	CEO, Founder	FishViews (now EarthViews)	https://earthviews.net/	Wimberley, Texas, United States	29.9976807	-98.0987896	Courtney Gallagher	1.0
22	2019-08-14	Highways in the sky, risk islands and drone flight paths	34:34:00	Geospatial Startups, Geospatial Tech and Tools, GIS	Daniel	Bradshaw	https://www.linkedin.com/in/ddbradshaw/	m	CTO, VP Engineering, Founder	Airspace Link	https://airspacelink.com/	Detroit, Michigan, USA	42.3315509	-83.0466403	Daniel Bradshaw	1.0
23	2019-08-21	Crowd source clean the planet Ð a geospatial approach	32:25:00	Geospatial Startups, GIS	Jeff	Kirschner	https://www.linkedin.com/in/jeffkirschner/	m	CEO, Founder	Litterati	https://www.litterati.org/	Chapel Hill, Nord-Carolina, USA	35.9131542	-79.05578	Jeff Kirschner	1.0
24	2019-08-28	Geospatial support for humanitarian emergencies	22:44	Geospatial Career, GIS	Kathrin	Renner	https://www.linkedin.com/in/kathrin-renner-a047858/	f	Operational Volunteer	MapAction	https://mapaction.org/	Bolzano, Italy	46.6559455	11.2302129	Kathrin Renner	1.0
25	2019-09-04	Inspirational geospatial visualizations	37:39:00	Geospatial Career	Craig	Taylor	https://www.linkedin.com/in/craig-taylor-78242615/	m	Senior Data Visualisation Design Manager	Ito World	https://www.itoworld.com/	Manchester, UK	53.4794892	-2.2451148	Craig Taylor	1.0
26	2019-09-11	Geospatial gives context to risk	46:58:00		Hugh	Farquhar	https://www.linkedin.com/in/hughfarquhar/?originalSubdomain=uk	m	CEO, Founder	WatchKeeper	https://www.dataminr.com/pulse/corporate-security/geovisualization	London, England, UK	51.4893335	-0.1440551	Hugh Farquhar	1.0
27	2019-09-18	The location context platform	27:58:00	Geospatial Startups, Geospatial Tech and Tools, GIS	Nick	Patrick	https://www.linkedin.com/in/nicholaspatrick/	m	CEO, Founder	Radar	https://radar.com/	New York, New York, USA	40.7127281	-74.0060152	Nick Patrick	1.0
28	2019-09-25	Using the geomagnetic field of buildings to navigate indoors	35:52:00	Geospatial Concepts, Geospatial Startups, Geospatial Tech and Tools, GIS	Erik	Piehl	https://www.linkedin.com/in/erik-piehl/	m	CEO	IndoorAtlas	https://www.indooratlas.com/	Helsinki, Uusimaa, Finland	60.1674881	24.9427473	Erik Piehl	1.0
29	2019-10-02	Geospatial visualisations matter Ð Civil engineering meets online gaming	28:31:00	Geospatial Tech and Tools	Rebecca	Swabey	https://www.linkedin.com/in/rebecca-swabey-p-eng-a965b22a/	f	CEO, Founder	Maple Precision (now Equator)	https://equatorstudios.com/	Kitchener-Cambridge-Waterloo, Canada	43.391722	-80.3965733	Rebecca Swabey	1.0
30	2019-10-09	A marketplace for geospatial data and workflows	47:45:00	Geospatial Startups, Geospatial Tech and Tools	Eli	Tamanaha	https://www.linkedin.com/in/elitamanaha/	m	CEO	UP42	https://up42.com/	Berlin, Berlin, Germany	52.5103817	13.4349112	Eli Tamanaha	1.0
31	2019-10-16	Remote sensing and future of earth observation	45:14:00	Earth Observation, Geospatial Career, Geospatial Concepts, Geospatial Tech and Tools, GIS	Alastair	Graham	https://www.linkedin.com/in/ajggeoger/	m	Director	Geoger	https://www.northdata.de/Geoger+Ltd.,+Milton+Keynes/Companies+House+08641682	Bristol, UK	51.4538022	-2.5972985	Alastair Graham	3.0
32	2019-10-23	Building footprints at scale	36:12:00	Geospatial Concepts, Geospatial Startups, Geospatial Tech and Tools	Karl	Ulrich	https://www.linkedin.com/in/karl-urich-359a941/	m	President, Founder	BuildingFootprintUSA (now Lightbox)	https://www.lightboxre.com/	Albany, New York, United States	42.6511674	-73.754968	Karl Ulrich	1.0
33	2019-10-30	Geomob Ð Geoinnovation for the people by the people	34:52:00	Geospatial Tech and Tools, GIS	Ed	Freyfogle	https://www.linkedin.com/in/edfreyfogle/	m	Host	GeoMob	https://thegeomob.com/	Heilbad Heiligenstadt, Thuringia, Germany	51.3756186	10.138224	Ed Freyfogle	2.0
34	2019-11-06	Creating maps for journalists	33:48:00	Geospatial Startups, GIS	Christian	Erades	https://www.linkedin.com/in/cerades/	m	Managing Partner	Mapcreator	https://mapcreator.io/	Eindhoven, North Brabant, Netherlands	51.4392648	5.478633	Christian Erades	1.0
35	2019-11-13	Mapping the interface between vehicle traffic and pedestrians	32:38:00	Geospatial Concepts, Geospatial Startups, Geospatial Tech and Tools	Jacob	Baskin	https://www.linkedin.com/in/jacob-baskin-4a0a29b1/	m	CTO, Co-Founder	Coord	https://web.archive.org/web/20191101191844/https://www.coord.co/	New York, New York, United States	40.7127281	-74.0060152	Jacob Baskin	1.0
36	2019-11-20	Building geospatial truth sets	38:06:00	Geospatial Startups, Geospatial Tech and Tools, GIS	Ryan Fox	Squire	https://www.linkedin.com/in/ryanfoxsquire/	m	Senior Data Scientist	SafeGraph	https://www.safegraph.com/	San Francisco Bay Area	37.7884969	-122.3558473	Ryan Fox Squire	1.0
37	2019-11-27	DonÕt just make the dots, connect them	48:42:00	Geospatial Career, Geospatial Concepts, Geospatial Tech and Tools, GIS	Mike	Dolbow	https://www.linkedin.com/in/mmdolbow/	m	CEO, Founder	GeoHipster	https://www.geohipster.com/	St Paul, Minnesota, United States	44.9497487	-93.0931028	Mike Dolbow	2.0
38	2019-12-04	Addressing the world Ð a coordinate system from humans	32:20:00	Geospatial Concepts, Geospatial Startups, Geospatial Tech and Tools, GIS	Jack	Waley-Cohen	https://www.linkedin.com/in/jackwaleycohen/?originalSubdomain=uk	m	COO, Founder	what3words	https://what3words.com/pins.dunes.equality	London, England, United Kingdom	51.4893335	-0.1440551	Jack Waley-Cohen	1.0
39	2019-12-11	Remote sensing Ð building the globe in 3D	47:50:00	Earth Observation, Geospatial Concepts, Geospatial Tech and Tools	Isaac	Zaworski	https://www.linkedin.com/in/isaac-zaworski-86220132/	m	CEO	Vricon (now Maxar)	https://www.maxar.com/	Trumbull, Connecticut, United States	41.2428742	-73.2006687	Isaac Zaworski	1.0
40	2019-12-18	Travel Time Ð A better way of doing location based search	40:02:00	Geospatial Concepts, Geospatial Tech and Tools, GIS	Charlie	Davies	https://www.linkedin.com/in/charlie-davies-259b6b9/?originalSubdomain=uk	m	CEO, Founder	TravelTime	https://traveltime.com/	Islington, England, United Kingdom	51.5384287	-0.0999051	Charlie Davies	1.0
41	2019-12-26	Trends in geospatial and initiatives in the community	15:02		Daniel	O'Donohue	https://www.linkedin.com/in/danielodonohue/	m	CEO, Founder	MapScaping	https://mapscaping.com/	Vejle, Syddanmark, Denmark	55.7066917	9.5365649	Daniel O'Donohue	8.0
42	2020-01-15	The evolution of geospatial file formats and data exchange  Ð An interview with the Co founder of Safe Software	39:40:00	Geospatial Career, Geospatial Concepts, GIS	Dale	Lutz	https://www.linkedin.com/in/daleatsafe/?originalSubdomain=ca	m	CEO	Safe Software	https://www.safe.com/	Surrey, British Columbia, Canada	49.1913033	-122.849143	Dale Lutz	2.0
43	2020-01-22	Geospatial intelligence from the sky, automating the mining industry	26:39:00	Earth Observation, Geospatial Tech and Tools							https://skycatch.com/					
44	2020-01-29	Is R the language of geospatial data?	34:27:00	Geospatial Career, Geospatial Concepts, Geospatial Tech and Tools, GIS	Tim	Appelhans	https://www.linkedin.com/in/tim-appelhans-40548567/?originalSubdomain=de	m		R Project	https://www.r-project.org/	Nuremberg, Bavaria, Germany	49.453872	11.077298	Tim Appelhans	1.0
45	2020-02-05	Geo-coding as a tool for risk assessment and the role of GIS in the insurance industry	31:11:00	Geospatial Concepts, Geospatial Tech and Tools, GIS	Mark	Varley	https://www.linkedin.com/in/markvarley/	m	CEO, Founder	Addresscloud	https://www.addresscloud.com/	Grasse, France	43.6589011	6.9239103	Mark Varley	2.0
46	2020-02-12	PostgreSQL Ð An open source geospatial database for GIS practitioners	31:26:00	Geospatial Career, Geospatial Tech and Tools, GIS	John	Bryant	https://www.linkedin.com/in/john-wesley-bryant/	m	Principal Geospatial Consultant	Mammoth Geospatial	https://mammothgeospatial.com/	Fremantle, Western Australia, Australia	-32.0534086	115.7586172	John Bryant	1.0
47	2020-02-19	Earth Observation Ð machine learning and artificial intelligence	41:37:00	Earth Observation, Geospatial Concepts	Daniel	Bailey	https://www.linkedin.com/in/daniel-bailey-05841349/	m	CTO, Founder	Astraea	https://www.astraea.earth/	Charlottesville, Virginia, United States	38.029306	-78.4766781	Daniel Bailey	1.0
48	2020-02-26	Serverless Geospatial	34:01:00	Geospatial Concepts, Geospatial Tech and Tools, GIS	Tomas	Holderness	https://www.linkedin.com/in/tomas-holderness-18106047/	m	CTO	Addresscloud	https://www.addresscloud.com/	Yorkshire, United Kingdom	53.9825271	-1.38525	Tomas Holderness	1.0
49	2020-03-03	A Case Study in GIS	49:02:00	Geospatial Career, GIS	Mike	Dolbow	https://www.linkedin.com/in/mmdolbow/	m	CEO, Founder	GeoHipster	https://www.geohipster.com/	St Paul, Minnesota, United States	44.9497487	-93.0931028	Mike Dolbow	2.0
50	2020-03-12	QGIS Ð An opensource geospatial project	37:35:00	Geospatial Concepts, Geospatial Tech and Tools, GIS	Kurt	Menke	https://www.linkedin.com/in/kurtmenke/?originalSubdomain=dk	m	Founder, GIS Specialist	Bird's Eye View GIS	https://www.birdseyeviewgis.com/	Albuquerque, New Mexico Area	35.1302456	-106.5312524	Kurt Menke	3.0
51	2020-03-18	Disrupting ESRI Ð Why it is hard to build a big geospatial business	43:26:00	Geospatial Career, Geospatial Concepts, Geospatial Startups, Geospatial Tech and Tools	Ariel	Seidman	https://www.linkedin.com/in/aseidman/	m	CEO, Founder	Hivemapper	https://hivemapper.com/	San Francisco Bay Area	37.7884969	-122.3558473	Ariel Seidman	2.0
52	2020-03-25	Earth Observation, platforms and data	47:52:00	Earth Observation, Geospatial Startups, Geospatial Tech and Tools	Alastair	Graham	https://www.linkedin.com/in/ajggeoger/	m	Director	Geoger	https://www.northdata.de/Geoger+Ltd.,+Milton+Keynes/Companies+House+08641682	Bristol, UK	51.4538022	-2.5972985	Alastair Graham	3.0
53	2020-04-01	Dynamic vector tiles straight from the database	36:02:00	Geospatial Concepts, Geospatial Tech and Tools, GIS	Paul	Ramsey	https://www.linkedin.com/in/paul-ramsey-717134/?originalSubdomain=ca	m	Executive Geospatial Engineer	Crunchy Data	https://www.crunchydata.com/	Victoria, British Columbia, Canada	48.4283182	-123.364953	Paul Ramsey	5.0
54	2020-04-08	The overlap between Business Intelligence tools and GIS software	32:18:00	Geospatial Career, Geospatial Concepts, Geospatial Startups, Geospatial Tech and Tools, GIS	Kent	Marten	https://www.linkedin.com/in/kent-marten/?originalSubdomain=ca	m	Staff Product Manager	Tableau	https://www.tableau.com/	Victoria, British Columbia, Canada	48.4283182	-123.364953	Kent Marten	1.0
55	2020-04-15	Advice for job seekers from a geospatial recruitment expert	29:05:00	Geospatial Career, GIS	Jessica	Touchard	https://www.linkedin.com/in/jessicatouchard/	f	VP Sales, Senior Recruiter	GeoSearch	https://geosearch.com/	Colorado Springs, CO, USA	38.8339578	-104.825348	Jessica Touchard	1.0
56	2020-04-22	Robotics, remote sensing and facilities management	35:13:00	Geospatial Concepts, Geospatial Tech and Tools, GIS	Scott	Nowicki	https://www.linkedin.com/in/scott-nowicki-88b24b90/	m	Lead R&D Scientist	Quantum Spatial (now NV5)	https://www.nv5.com/geospatial/	Albuquerque, New Mexico, United States	35.0841034	-106.650985	Scott Nowicki	1.0
57	2020-04-29	GIS vs Computer-aided design Ð everything you have always wanted to know #geospatial	36:35:00	Geospatial Concepts, Geospatial Tech and Tools, GIS	Dale	Lutz	https://www.linkedin.com/in/daleatsafe/?originalSubdomain=ca	m	CEO	Safe Software	https://www.safe.com/	Surrey, British Columbia, Canada	49.1913033	-122.849143	Dale Lutz	2.0
58	2020-05-06	Rebranding GIS Geospatial	33:36:00	Geospatial Career, Geospatial Concepts, GIS	Adam	Carnow	https://www.linkedin.com/in/adam-carnow-46b6239/	m	Community Evangelist	Esri	https://www.esri.com/en-us/home	Charlotte, North Carolina, United States	35.2272086	-80.8430827	Adam Carnow	1.0
59	2020-05-13	Two mobile data collection apps you need to know about	35:21:00	Geospatial Tech and Tools	Kurt	Menke	https://www.linkedin.com/in/kurtmenke/?originalSubdomain=dk	m	Founder, GIS Specialist	Bird's Eye View GIS	https://www.birdseyeviewgis.com/	Albuquerque, New Mexico Area	35.1302456	-106.5312524	Kurt Menke	3.0
60	2020-05-20	Geospatial Python	33:15:00	Geospatial Career, Geospatial Concepts, Geospatial Tech and Tools, GIS	Anita	Graser	https://www.linkedin.com/in/anita-graser-%F0%9F%8C%BB-95102530/	f	Member of QGIS Project Steering Committee	MovingPandas	https://movingpandas.org/	Vienna, Vienna, Austria	48.1857192	16.4221587	Anita Graser	2.0
61	2020-05-27	Digital Twins	35:40:00	Geospatial Concepts	Jim	Quanci	https://www.linkedin.com/in/jim-quanci-13a695/	m	Senior Director	Autodesk	https://www.autodesk.com/design-make	San Francisco, California, United States	37.7792588	-122.4193286	Jim Quanci	1.0
62	2020-06-03	Hyper-accurate indoor location	34:24:00	Geospatial Concepts, Geospatial Startups, Geospatial Tech and Tools	Matthew	Lowe	https://www.linkedin.com/in/mwlowe/?originalSubdomain=ca	m	CEO, Founder	ZeroKey	https://zerokey.com/	Calgary, Alberta, Canada	51.0456064	-114.057541	Matthew Lowe	1.0
63	2020-06-10	Radio Frequency Data Collection	23:38		Ellen	Christopherson	https://www.linkedin.com/in/ellen-christopherson-0a923228/	f	CEO, Founder	clearGRID	https://cleargrid.io/	Calgary, Alberta, Canada	51.0456064	-114.057541	Ellen Christopherson	1.0
64	2020-06-17	Jupyter notebooks for geospatial	30:40:00	Geospatial Concepts, Geospatial Tech and Tools, GIS	Julia	Wagemann	https://www.linkedin.com/in/julia-wagemann/	f	CEO, Founder	Jupyter Notebook	https://jupyter.org/	Isen, Germany	48.2120342	12.0571384	Julia Wagemann	1.0
65	2020-06-24	Polygons of Ownership	39:05:00	Geospatial Concepts, GIS	Jerry	Paffendorf	https://www.linkedin.com/in/jerrypaffendorf/	m	CEO, Founder	Loveland Technologies (now Regrid)	https://regrid.com/	Calumet, Michigan, United States	47.246592	-88.454006	Jerry Paffendorf	1.0
66	2020-07-01	Everything happens somewhere And at some time Ð Spatiotemporal data and GIS	38:25:00	Geospatial Concepts, Geospatial Tech and Tools, GIS	Anita	Graser	https://www.linkedin.com/in/anita-graser-%F0%9F%8C%BB-95102530/	f	Member of QGIS Project Steering Committee	MovingPandas	https://movingpandas.org/	Vienna, Vienna, Austria	48.1857192	16.4221587	Anita Graser	2.0
67	2020-07-08	Spatially Enabling Customer Relations	34:06:00	Geospatial Startups, Geospatial Tech and Tools, GIS	Aly	Dickinson	https://www.linkedin.com/in/alistairceo/?originalSubdomain=uk	m	CEO, CMO	Mapsimise	https://mapsimise.com/	Newport, England, United Kingdom	50.7003707	-1.2952039	Aly Dickinson	1.0
68	2020-07-15	The Spatial Internet of Things	30:08:00	Geospatial Concepts, Geospatial Startups, Geospatial Tech and Tools	Geoff	Mair	https://www.linkedin.com/in/geoff-mair-578a553/	m	CEO	Sensorup	https://www.sensorup.com/	Vancouver, British Columbia, Canada	49.2608724	-123.113952	Geoff Mair	1.0
69	2020-07-22	A one to one map of the world	30:04:00	Geospatial Career, Geospatial Startups, GIS	Jonathan	Neufeld	https://www.linkedin.com/in/jonneufeld/	m	CEO	TECTERRA	https://tecterra.com/	Calgary, Alberta, Canada	51.0456064	-114.057541	Jonathan Neufeld	1.0
70	2020-07-29	Google BigQuery GIS Ð Geospatial in the Cloud	40:34:00	Geospatial Tech and Tools, GIS	Chad	Jennings	https://www.linkedin.com/in/chadwjennings/	m	Product Manager	Google	https://about.google/	Seattle, Washington, United States	47.6038321	-122.330062	Chad Jennings	1.0
71	2020-08-05	H3 geospatial indexing system	31:38:00	Geospatial Concepts, Geospatial Tech and Tools, GIS	Isaac	Brodsky	https://www.linkedin.com/in/isaacbrodsky/	m	COO, Founder	Unfolded (now FourSquare)	https://location.foursquare.com/products/studio/	San Francisco Bay Area	37.7884969	-122.3558473	Isaac Brodsky	1.0
72	2020-08-12	Open Source GPU Processing	47:45:00	Geospatial Concepts, Geospatial Tech and Tools	Mike	Flaxman	https://www.linkedin.com/in/mflaxman/	m	Spatial Data Science Practice Lead	OmniSci (now HEAVY.AI)	https://www.heavy.ai/	San Francisco, California, United States	37.7792588	-122.4193286	Mike Flaxman	1.0
73	2020-08-19	COVID-19 Spatial Research	39:01:00	Geospatial Concepts	Derek	Ouyang	https://www.linkedin.com/in/derekouyang/	m	Program Manager	Stanford University Future Bay Initiative	https://bay.stanford.edu/	San Francisco Bay Area	37.7884969	-122.3558473	Derek Ouyang	1.0
74	2020-08-26	The long tail of geospatial and spatial thinking	46:10:00	Geospatial Career, Geospatial Concepts, Geospatial Tech and Tools, GIS	Stace	Maples	https://www.linkedin.com/in/mapninja/	m	Geospatial Manager	Stanford University Geospatial Center	https://library.stanford.edu/libraries/stanford-geospatial-center	Stanford, California, United States	37.427467	-122.1702445	Stace Maples	1.0
75	2020-09-02	Self-employment in the GIS / Geospatial industry	50:43:00	Geospatial Career, Geospatial Startups, GIS	Kurt	Menke	https://www.linkedin.com/in/kurtmenke/?originalSubdomain=dk	m	Founder, GIS Specialist	Bird's Eye View GIS	https://www.birdseyeviewgis.com/	Albuquerque, New Mexico Area	35.1302456	-106.5312524	Kurt Menke	3.0
76	2020-09-11	Elastic Search	31:25:00	Geospatial Concepts, Geospatial Tech and Tools	Mark	Varley	https://www.linkedin.com/in/markvarley/	m	CEO, Founder	Addresscloud	https://www.addresscloud.com/	Grasse, France	43.6589011	6.9239103	Mark Varley	2.0
77	2020-09-16	Spatial SQL Ð GIS without the GIS	41:10:00	Geospatial Concepts, Geospatial Tech and Tools, GIS	Paul	Ramsey	https://www.linkedin.com/in/paul-ramsey-717134/?originalSubdomain=ca	m	Executive Geospatial Engineer	Crunchy Data	https://www.crunchydata.com/	Victoria, British Columbia, Canada	48.4283182	-123.364953	Paul Ramsey	5.0
78	2020-09-23	Being self employed in the earth observation sector	48:42:00	Earth Observation, Geospatial Career, Geospatial Startups	Alastair	Graham	https://www.linkedin.com/in/ajggeoger/	m	Director	Geoger	https://www.northdata.de/Geoger+Ltd.,+Milton+Keynes/Companies+House+08641682	Bristol, UK	51.4538022	-2.5972985	Alastair Graham	3.0
79	2020-10-01	Communicating with maps Ð The art of cartography	42:34:00	GIS	John	Nelson	https://twitter.com/John_M_Nelson	m	Product Engineer	AdventuresInMapping	https://adventuresinmapping.com/	Grand Ledge, MI, USA	42.7524401	-84.7463572	John Nelson	1.0
80	2020-10-14	location Privacy and Data Ethics	30:26:00	Geospatial Concepts	Denise	McKenzie	https://www.linkedin.com/in/denisemckenzie/?originalSubdomain=uk	f	Managing Partner	PLACE	https://thisisplace.org/	Winchester, England, United Kingdom	51.0612766	-1.3131692	Denise McKenzie	2.0
81	2020-10-21	A Business Built On Open Source GIS	42:00:00	Geospatial Career, Geospatial Startups, Geospatial Tech and Tools	Tim	Sutton	https://www.linkedin.com/in/tim-sutton-8038661b/	m	Partner	Kartoza	https://gisbox.kartoza.com/en/people/person/tim/	South Africa	-28.8166236	24.991639	Tim Sutton	1.0
82	2020-10-28	Cloud Detection- an open problem	34:58:00	Earth Observation, Geospatial Concepts, Geospatial Tech and Tools	Adler	Santos	https://www.linkedin.com/in/adlersantos/?originalSubdomain=ca	m	Engineering Manager	SkyWatch	https://skywatch.com/terrastream/	Waterloo, Ontario, Canada	43.4652699	-80.5222961	Adler Santos	1.0
83	2020-11-05	GIS education and training, online and in-person	45:48:00	Geospatial Career	Don	Boyes	https://donboyes.com/	m	Professor	University of Toronto	https://www.utoronto.ca/	Toronto, Ontario, Kanada	43.6534817	-79.3839347	Don Boyes	1.0
84	2020-11-12	Raster Frames Ð  making imagery a first class citizen	39:30:00	Geospatial Concepts, Geospatial Tech and Tools	Simeon	Fitch	https://www.linkedin.com/in/simeon-fitch-643650/	m	CTO, Co-Founder	Astraea	https://rasterframes.io/	Charlottesville, Virginia, United States	38.029306	-78.4766781	Simeon Fitch	1.0
85	2020-11-19	Machine learning and object detection for the rest of us	42:29:00	Geospatial Concepts, Geospatial Tech and Tools	Julien	Rebetez	https://www.linkedin.com/in/julienr/?originalSubdomain=ch	m	CTO	Picterra	https://picterra.ch/	Vevey, Vaud, Switzerland	46.4602978	6.8418655	Julien Rebetez	1.0
86	2020-11-25	GRASS GIS probably doesnÕt get the attention it deserves	42:13:00	Geospatial Tech and Tools	Markus	Neteler	https://www.linkedin.com/in/markusneteler/?originalSubdomain=de	m	Co-Founder, Senior Consultant	Mundialis	https://www.mundialis.de/	Bonn, North Rhine-Westphalia, Germany	50.735851	7.10066	Markus Neteler	1.0
87	2020-12-03	My Story, my why	19:19	Geospatial Career	Daniel	O'Donohue	https://www.linkedin.com/in/danielodonohue/	m	CEO, Founder	MapScaping	https://mapscaping.com/	Vejle, Syddanmark, Denmark	55.7066917	9.5365649	Daniel O'Donohue	8.0
88	2020-12-11	Openlayers Ð Geospatial JavaScript	42:46:00	Geospatial Tech and Tools	Marc	Jansen	https://www.linkedin.com/in/marc-jansen-a71295265/?originalSubdomain=de	m	General Manager		https://www.terrestris.de/de/	Bonn, North Rhine-Westphalia, Germany	50.735851	7.10066	Marc Jansen	1.0
89	2020-12-16	Satellite-based Augmentation System Ð A base station in the sky	35:57:00	Geospatial Concepts, Geospatial Tech and Tools	Christopher	Marshall	https://www.linkedin.com/in/christopher-marshall-au/	m	Senior Positioning Engineer	FrontierSI	https://frontiersi.com.au/	Greater Melbourne Area	-37.9748342	145.2318067	Christopher Marshall	1.0
90	2021-01-07	How To Augment Reality	49:20:00	Geospatial Concepts, Geospatial Tech and Tools	Tory	Smith	https://www.linkedin.com/in/torypaulsmith/	m	Senior Product Manager	Mapbox	https://www.mapbox.com/	San Francisco Bay Area	37.7884969	-122.3558473	Tory Smith	1.0
91	2021-01-14	Being A Professional Geographer	38:33:00	Geospatial Career	Sarah	Taigel	https://www.linkedin.com/in/happymapper/?originalSubdomain=uk	f	Geospatial Lead	East Point Geo	https://www.eastpointgeo.com/	Norwich, England, United Kingdom	52.6285576	1.2923954	Sarah Taigel	1.0
92	2021-01-21	Mapping The Ocean Floor	41:48:00	Earth Observation, Geospatial Concepts	Samuel	Greenaway	https://www.linkedin.com/in/samuel-greenaway-98aa8a258/	m	Marine Operations Lead	NOAA	https://www.noaa.gov/	Washington, District of Columbia, United States	38.8950368	-77.0365427	Samuel Greenaway	1.0
93	2021-01-28	Navigating The Past, Present And Future Of GNSS	44:40:00	Earth Observation, Geospatial Concepts, Geospatial Tech and Tools	Eduard	Escalona	https://www.linkedin.com/in/eduesc/?originalSubdomain=cz	m	Market Officer	EUSPA	https://www.euspa.europa.eu/	Prague, Czech Republic	50.0596288	14.4464593	Eduard Escalona	1.0
94	2021-02-04	Skills, Leadership, Mentorship and the Geospatial Community	38:08:00	Geospatial Career, GIS	Tee	Barr	https://www.linkedin.com/in/toddbarr/	n	Director of Product	Verisk	https://www.verisk.com/	Greater Boston	42.28995	-71.07146	Tee Barr	2.0
95	2021-02-11	Building a 4D ÒDigital TwinÓ of the Planet	38:48:00	Earth Observation, Geospatial Concepts, Geospatial Tech and Tools	Peter	Atalla	https://www.linkedin.com/in/peteratalla/	m	CEO, Founder	VoxelMaps	https://www.voxelmaps.com/	San Francisco, California, United States	37.7792588	-122.4193286	Peter Atalla	1.0
96	2021-02-17	From GIS Analyst to Software Engineer	45:13:00	Geospatial Career, GIS	Dan	Mahr	https://www.linkedin.com/in/danmahr/	m	Lead Software Engineer	DroneDeploy	https://www.dronedeploy.com/	Greater Boston	42.28995	-71.07146	Dan Mahr	1.0
97	2021-02-24	Introduction to Synthetic-aperture Radar (SAR)	46:24:00	Earth Observation, Geospatial Concepts, Geospatial Tech and Tools	Eric	Jensen	https://www.linkedin.com/in/ericejensen/	m	CEO	ICEYE	https://www.iceye.com/	Irvine, California, United States	33.6856969	-117.825981	Eric Jensen	2.0
98	2021-03-03	The Earth Archive	32:43:00	Geospatial Tech and Tools	Christopher	Fisher	https://www.linkedin.com/in/chrisfishereartharchive/	m	Founder, Director	EarthArchive	https://www.theeartharchive.com/	Fort Collins, Colorado, United States	40.5871782	-105.0770113	Christopher Fisher	1.0
99	2021-03-10	Getting Where You Want To Go In Your Geospatial Career	36:19:00	Geospatial Career	Thierry	Gregorius	https://www.linkedin.com/in/thierrygregorius/	m	Executive Coach	True Horizon Coaching	https://truehorizoncoaching.com/	Sidmouth, England, United Kingdom	50.6790033	-3.237657	Thierry Gregorius	2.0
100	2021-03-17	Introducing Google Earth Engine	38:53:00	Earth Observation, Geospatial Tech and Tools	Qiusheng	Wu	https://www.linkedin.com/in/giswqs/	m	Associate Professor	University of Tennessee Knoxville	https://wetlands.io/	Knoxville, Tennessee, United States	35.9603948	-83.9210261	Qiusheng Wu	2.0
101	2021-03-24	Open Geospatial Standards Ð shared standards to solve shared problems	42:07:00	Geospatial Concepts, Geospatial Tech and Tools	Nadine	Alameh	https://www.linkedin.com/in/nadinealameh/	f	CEO	Open Geospatial Consortium	https://www.ogc.org/	Washington, District of Columbia, United States	38.8950368	-77.0365427	Nadine Alameh	2.0
102	2021-03-31	OpenStreetMap is a community of communities	32:38:00	Geospatial Concepts, Geospatial Tech and Tools, GIS	Jennings	Anderson	https://www.linkedin.com/in/jenningsanderson/	m	Postdoctoral Researcher	University of Colorado Boulder	https://jenningsanderson.com/	Salem, Oregon, United States	44.9391565	-123.033121	Jennings Anderson	2.0
103	2021-04-07	Super Resolution Ð smarter upsampling	40:55:00	Earth Observation, Geospatial Concepts, Geospatial Tech and Tools	Markus	Mller	https://www.linkedin.com/in/dr-markus-m%C3%BCller-24196abb/	m	Lead Data Science Engineer	UP42	https://up42.com/	Berlin, Germany	52.5170365	13.3888599	Markus Mller	1.0
104	2021-04-15	Geospatial Innovation Ð what it might look like	37:36:00	Geospatial Startups	Vojtech	Fort	https://www.linkedin.com/in/vojt%C4%9Bch-f-799208a9/	m	Innovation Officer	EUSPA	https://www.euspa.europa.eu/	Prague, Czechia	50.0596288	14.4464593	Vojtech Fort	1.0
105	2021-04-21	Access to data Ð making room for unexpected contributors	41:23:00	Geospatial Concepts, Geospatial Tech and Tools, GIS	Frank	Winters	https://www.linkedin.com/in/frank-winters-162263aa/	m	Geographic Information Officer	NYS Office of Information Technology Services	https://its.ny.gov/	Schenectady, New York, United States	42.8142432	-73.9395687	Frank Winters	1.0
106	2021-04-28	Counting Animals Using Satellite imagery	41:21:00	Earth Observation, Geospatial Concepts, Geospatial Tech and Tools	Tom	McHugh	https://www.linkedin.com/in/tommchughicon/	m	Founder, Director	Icon Geo	https://tracsis-geointelligence.com/	Dublin, Ireland	53.3493795	-6.2605593	Tom McHugh	1.0
107	2021-05-06	GDAL Ð Geospatial Data Abstraction Library	39:13:00	Earth Observation, Geospatial Tech and Tools, GIS	Paul	Ramsey	https://www.linkedin.com/in/paul-ramsey-717134/?originalSubdomain=ca	m	Executive Geospatial Engineer	Crunchy Data	https://www.crunchydata.com/	Victoria, British Columbia, Canada	48.4283182	-123.364953	Paul Ramsey	5.0
108	2021-05-12	Being Visible In The Geospatial Community	36:54:00	Geospatial Career	Muthukumar	Kumar	https://www.linkedin.com/in/muthukumarkumar/	m	Managing Editor	Geoawesomeness	https://geoawesomeness.com/	Berlin, Germany	52.5170365	13.3888599	Muthukumar Kumar	1.0
109	2021-05-19	An Introduction To Artificial Intelligence	45:30:00	Geospatial Concepts, Geospatial Tech and Tools, GIS	Daniel	Whitenack	https://www.linkedin.com/in/danielwhitenack/	m	Data Scientist	SIL International	https://www.sil.org/	Lafayette, Indiana, United States	40.4191229	-86.8919011	Daniel Whitenack	3.0
110	2021-05-26	Being A Graduate Geospatial Consultant	37:01:00	Geospatial Career, GIS	Sophie	Willet	https://www.linkedin.com/in/sophie-willett97/	f	Geospatial Consultant	Arcadis	https://www.arcadis.com/	London, England, United Kingdom	51.4893335	-0.1440551	Sophie Willet	1.0
111	2021-06-02	Urban Estimation, Earth Observation and Deep Learning	43:23:00	Earth Observation, Geospatial Concepts, Geospatial Tech and Tools	Elizabeth	Duffy	https://www.linkedin.com/in/c-elizabeth-duffy/	f	Product Marketing Manager	UP42	https://up42.com/	Berlin, Germany	52.5170365	13.3888599	Elizabeth Duffy	1.0
112	2021-06-09	Geoserver	36:29:00	Geospatial Tech and Tools	Simone	Giannecchini	https://www.linkedin.com/in/simonegiannecchini/?originalSubdomain=it	m	Founder, Director	GeoSolutions	https://www.geosolutionsgroup.com/	Camaiore, Tuscany, Italy	43.9380611	10.3039553	Simone Giannecchini	2.0
113	2021-06-16	Being A Data Scientist	39:52:00	Geospatial Career, GIS	Kathryn	Berger	https://www.linkedin.com/in/kathryn-berger-3a71941b/	f	Data Science Team Leader	Agrimetrics	https://www.agrimetrics.co.uk/	Harpenden, United Kingdom	51.8145103	-0.3549311	Kathryn Berger	1.0
114	2021-06-23	PDAL Ð Point Data Abstraction Library	41:11:00	Geospatial Tech and Tools	Howard	Butler	https://www.linkedin.com/in/howardbutler/	m	President	HOBU	https://hobu.co/	Iowa City, Iowa, United States	41.6612561	-91.5299106	Howard Butler	1.0
115	2021-06-30	Streamable Data And Geospatial Web Applications	47:05:00	Geospatial Concepts, Geospatial Tech and Tools	Joris	Schouteden	https://www.linkedin.com/in/joris-schouteden-3607681/?originalSubdomain=be	m	R&D Director	Luciad/Hexagon	https://hexagon.com/company/divisions/safety-infrastructure-geospatial?utm_easyredir=www.hexagongeospatial.com	Leuven, Flemish Region, Belgium	50.879202	4.7011675	Joris Schouteden	1.0
116	2021-07-07	Starting Your Own Geospatial Consultancy	39:29:00	Geospatial Career, Geospatial Startups, GIS	Helen	Cooper	https://www.linkedin.com/in/helen-cooper-map-it-out/?originalSubdomain=uk	f	Founder	Map It Out	https://www.mapitout.co.uk/	London, England, United Kingdom	51.4893335	-0.1440551	Helen Cooper	1.0
117	2021-07-14	MapStore	29:06:00	Geospatial Tech and Tools, GIS	Simone	Giannecchini	https://www.linkedin.com/in/simonegiannecchini/?originalSubdomain=it	m	Founder, Director	GeoSolutions	https://www.geosolutionsgroup.com/	Camaiore, Tuscany, Italy	43.9380611	10.3039553	Simone Giannecchini	2.0
118	2021-07-21	Being an Early Stage GIS Professional	38:29:00	Geospatial Career, GIS	Adam	Black	https://www.linkedin.com/in/adamblack98/	m	GIS Technician	Spatial Front	https://spatialfront.com/pages/index.html	Centreville, Virginia, United States	38.8403909	-77.4288769	Adam Black	1.0
119	2021-07-28	Open Drone Map	40:09:00	Geospatial Tech and Tools, GIS	Stephen	Mather	https://www.linkedin.com/in/stephen-mather-4ab164b/	m	Executive Director	OpenDroneMap	https://www.opendronemap.org/	Berea, Ohio, United States	41.3661614	-81.8543026	Stephen Mather	1.0
120	2021-08-03	Being A Conservation Planner	25:26:00	Geospatial Career, GIS	Carolyn	Koestner	https://www.linkedin.com/in/ckoestner/	f	Conservation Planner	Lake Placid Land Conservancy	https://adirondacklandtrust.org/LPLC/	Saranac Lake, New York, United States	44.329497	-74.131279	Carolyn Koestner	1.0
121	2021-08-12	The Problem With Satellite Data Is ÉThat It Is Not A Commodity	52:44:00	Earth Observation, Geospatial Concepts, Geospatial Startups	Joe	Morrison	https://www.linkedin.com/in/joe-morrison/	m	VP of Growth	Umbra	https://umbra.space/	Austin, Texas, United States	30.2711286	-97.7436995	Joe Morrison	2.0
122	2021-08-19	Building A Personal Brand In The Geospatial Industry	35:53:00	Geospatial Career	Joe	Morrison	https://www.linkedin.com/in/joe-morrison/	m	VP of Growth	Umbra	https://umbra.space/	Austin, Texas, United States	30.2711286	-97.7436995	Joe Morrison	2.0
123	2021-08-25	Hiring And Being Hired For Geospatial Jobs	41:54:00	Geospatial Career, GIS	Nathan	Heazlewood	https://www.linkedin.com/in/nheazlewood/	m	Business Consulting Practice Lead	Eagle Technology	https://www.eagle.co.nz/	Auckland, Auckland, New Zealand	-36.852095	174.7631803	Nathan Heazlewood	1.0
124	2021-09-01	LiDAR From Drones	39:53:00	Earth Observation, Geospatial Concepts, Geospatial Tech and Tools	Lukas	Fraser	https://www.linkedin.com/in/lukasfraser/	m	Program Manager	NV5	https://www.nv5.com/	Fredericton, New Brunswick, Canada	45.963233	-66.6432356	Lukas Fraser	1.0
125	2021-09-08	GeoNode Ð Open Source Geospatial Content Management System	28:42:00	Geospatial Tech and Tools, GIS	Luis	Bermudez	https://www.linkedin.com/in/bermudez/	m	CEO USA	GeoSolutions	https://www.geosolutionsgroup.com/	Gaithersburg, Maryland, United States	39.1399187	-77.1929215	Luis Bermudez	1.0
126	2021-09-17	Open Topography Ð Infrastructure for Topographic Data	48:10:00	Earth Observation, Geospatial Concepts, Geospatial Tech and Tools	Christopher	Crosby	https://www.linkedin.com/in/christopherjcrosby/	m	Project Manager	UNAVCO	https://www.unavco.org/	Crested Butte, Colorado, United States	38.8698201	-106.984043	Christopher Crosby	1.0
127	2021-09-22	Geospatial Side Hustles	38:59:00	Geospatial Career, Geospatial Startups	Daniel	O'Donohue	https://www.linkedin.com/in/danielodonohue/	m	CEO, Founder	MapScaping	https://mapscaping.com/	Vejle, Syddanmark, Denmark	55.7066917	9.5365649	Daniel O'Donohue	8.0
128	2021-09-30	How To Become A Certified GIS Professional	39:06:00	Geospatial Career, GIS	Tony	Spicci	https://www.linkedin.com/in/tonyspicci/	m	Executive Director	GIS Certification Institute	https://www.gisci.org/	Columbia, Missouri, United States	38.951883	-92.3337366	Tony Spicci	1.0
129	2021-10-06	Where Does The Blue Dot Come From?	43:52:00	Geospatial Concepts, Geospatial Tech and Tools	Ed	Parsons	https://www.linkedin.com/in/edparsons/?originalSubdomain=uk	m	Geospatial Technologist	Google	https://about.google/	London, England, United Kingdom	51.4893335	-0.1440551	Ed Parsons	2.0
130	2021-10-13	Flood Monitoring From Space	40:09:00	Earth Observation, Geospatial Startups, Geospatial Tech and Tools	Shay	Strong	https://www.linkedin.com/in/shay-strong/?originalSubdomain=fi	f	VP of Analytics	ICEYE	https://www.iceye.com/	Espoo, Uusimaa, Finland	60.2047672	24.6568435	Shay Strong	1.0
131	2021-10-20	Getting Your Geospatial Start-Up Started	33:39:00	Geospatial Career, Geospatial Startups	Carly	Morris	https://www.linkedin.com/in/carlymorris/?originalSubdomain=uk	f	Head of Geovation and Innovation	Geovation Ordnance Survey	https://geovation.uk/	London, England, United Kingdom	51.4893335	-0.1440551	Carly Morris	1.0
132	2021-10-27	Labels Matter	50:16:00	Geospatial Concepts, Geospatial Tech and Tools	Mallory	Dodd	https://www.linkedin.com/in/mallory-dodd-b3a866112/	f	Senior Solutions Architect	iMerit	https://imerit.net/	San Antonio, Texas	29.4246002	-98.4951405	Mallory Dodd	1.0
133	2021-11-03	Collecting And Processing Aerial Imagery At Scale	47:06:00	Earth Observation	Michael	Bewley	https://www.linkedin.com/in/michaelbewley/?originalSubdomain=au	m	Senior Director AI Systems	Nearmap	https://www.nearmap.com/us/en	Barangaroo, New South Wales, Australia	-33.8614084	151.2016877	Michael Bewley	2.0
134	2021-11-10	A self-contained environment for open source geospatial tools	30:56:00	Geospatial Tech and Tools, GIS	Astrid	Emde	https://www.linkedin.com/in/astrid-emde-819957152/?originalSubdomain=de	f	GIS Consultant	WhereGroup	https://wheregroup.com/	Cologne, North Rhine-Westphalia, Germany	50.938361	6.959974	Astrid Emde	1.0
135	2021-11-17	The landsat Program	31:42:00	Earth Observation, Geospatial Concepts	Jeffrey	Masek	https://www.linkedin.com/in/jeffrey-masek-0b231810/	m	Research Scientist	NASA	https://www.nasa.gov/	Washington, District of Columbia, United States	38.8950368	-77.0365427	Jeffrey Masek	1.0
136	2021-11-24	The Planetary Computer	39:59:00	Earth Observation, Geospatial Concepts, Geospatial Tech and Tools	Rob	Emanuele	https://www.linkedin.com/in/rob-emanuele-15852912/	m	Principal Geospatial Architect	Microsoft	https://news.microsoft.com/source/	Philadelphia, Pennsylvania, United States	39.9527237	-75.1635262	Rob Emanuele	1.0
137	2021-12-03	Geospatial Education As A Service	55:29:00	Geospatial Career, GIS	Hans	van der Kwast	https://www.linkedin.com/in/jvdkwast/?originalSubdomain=nl	m	Associate Professor of Open Science and Digital Innovation	IHE Delft	https://www.un-ihe.org/	Rotterdam, South Holland, Netherlands	51.9244424	4.47775	Hans van der Kwast	1.0
138	2021-12-08	Cube Satellites Of The Stratosphere	34:07:00	Earth Observation, Geospatial Startups, Geospatial Tech and Tools	Andrew	Antonio	https://www.linkedin.com/in/andrewfantonio/	m	CEO, Founder	Urban Sky	https://www.urbansky.com/	Denver, Colorado, United States	39.7392364	-104.984862	Andrew Antonio	1.0
139	2021-12-15	GEDI space lasers	34:47:00	Earth Observation, Geospatial Concepts, Geospatial Tech and Tools, GIS	Laura	Duncanson	https://www.linkedin.com/in/laura-duncanson-2a92b366/	f	Assistant Professor	University of Maryland	https://umd.edu/	Washington, District of Columbia, United States	38.8950368	-77.0365427	Laura Duncanson	1.0
140	2021-12-22	Voice Message	02:30		Daniel	O'Donohue	https://www.linkedin.com/in/danielodonohue/	m	CEO, Founder	MapScaping	https://mapscaping.com/	Vejle, Syddanmark, Denmark	55.7066917	9.5365649	Daniel O'Donohue	8.0
141	2022-01-05	What Is Your Idea?	17:33	Geospatial Career, Geospatial Startups	Daniel	O'Donohue	https://www.linkedin.com/in/danielodonohue/	m	CEO, Founder	MapScaping	https://mapscaping.com/	Vejle, Syddanmark, Denmark	55.7066917	9.5365649	Daniel O'Donohue	8.0
142	2022-01-12	From Hardware to Geospatial Software	51:35:00	Earth Observation, Geospatial Career	Maxime	Lenormand	https://www.linkedin.com/in/maxime-lenormand-b94640107/?originalSubdomain=nl	m	Podcaster	Minds Behind Maps	https://www.mindsbehindmaps.com/	Amsterdam, Netherlands	52.3730796	4.8924534	Maxime Lenormand	1.0
143	2022-01-19	A Voice Interface for Geospatial Data	44:45:00	Geospatial Concepts, Geospatial Startups, Geospatial Tech and Tools, GIS	Matt	Pietryszyn	https://www.linkedin.com/in/mattpietryszyn/?originalSubdomain=ca	m	Director	Qwhery	https://qwhery.com/	Burlington, Ontario, Canada	43.3248924	-79.7966835	Matt Pietryszyn	1.0
144	2022-01-26	Geospatial Geology	42:47:00	Earth Observation, Geospatial Career, Geospatial Tech and Tools, GIS	Wendy	Bohon	https://www.linkedin.com/in/wendybohon/	f	Senior Science Communication Specialist	IRIS	https://www.iris.edu/hq/	Sacramento, California, United States	38.5810606	-121.493895	Wendy Bohon	1.0
145	2022-02-02	Urban Grammar- Form, Function, Culture and Satellite Imagery	44:40:00	Earth Observation, Geospatial Concepts, Geospatial Tech and Tools, GIS	Dani	Arribas-Bel	https://www.linkedin.com/in/darribas/?originalSubdomain=uk	m	Crew Member	GDSL	https://gdsl.org/	Liverpool, England, UK	53.4071991	-2.99168	Dani Arribas-Bel	1.0
146	2022-02-09	Mapping Oceans With Sound  And Mapping the Sound In The Oceans	01:05:55	Earth Observation, Geospatial Concepts, Geospatial Tech and Tools	Christopher	Verlinden	https://www.linkedin.com/in/christopher-verlinden-57931458/	m	CTO	AOS	https://www.appliedoceansciences.com/	Washington, District of Columbia, United States	38.8950368	-77.0365427	Christopher Verlinden	1.0
147	2022-02-16	Business Ideas For Geospatial People	30:27:00	Earth Observation, Geospatial Career, Geospatial Startups, GIS	Daniel	O'Donohue	https://www.linkedin.com/in/danielodonohue/	m	CEO, Founder	MapScaping	https://mapscaping.com/	Vejle, Syddanmark, Denmark	55.7066917	9.5365649	Daniel O'Donohue	8.0
148	2022-02-23	Geospatial Design and User Experience Can Reduce The Time To Science	49:00:00	Earth Observation, Geospatial Tech and Tools, GIS	Jeff	Siarto	https://www.linkedin.com/in/jsiarto/	m	Director of User Experience	Element 84	https://www.element84.com/	East Lansing, Michigan, United States	42.7320307	-84.4721678	Jeff Siarto	1.0
149	2022-03-02	The Role Of Geospatial In Open Source Intelligence	33:42:00	Earth Observation, Geospatial Tech and Tools, GIS	Michael	Cruickshank	https://www.linkedin.com/in/michael-cruickshank-35909777/	m	Journalist	LiveEO	https://www.live-eo.com/	Berlin, Berlin, Germany	52.5103817	13.4349112	Michael Cruickshank	1.0
150	2022-03-09	Mentorship, Leadership and Career Advice	43:41:00	Geospatial Career, GIS	Denise	McKenzie	https://www.linkedin.com/in/denisemckenzie/?originalSubdomain=uk	f	Managing Partner	PLACE	https://thisisplace.org/	Winchester, England, United Kingdom	51.0612766	-1.3131692	Denise McKenzie	2.0
151	2022-03-18	Python Maps	39:33:00	Geospatial Career, Geospatial Tech and Tools, GIS	Adam	Symington	https://www.linkedin.com/in/adam-symington/?originalSubdomain=uk	m	Owner	PythonMaps	https://www.pythonmaps.com/	Bristol, England, UK	51.4538022	-2.5972985	Adam Symington	1.0
152	2022-03-30	Cloud Native Geospatial	40:59:00	Earth Observation, Geospatial Concepts, Geospatial Tech and Tools	Chris	Holmes	https://www.linkedin.com/in/opencholmes/	m	VP of Product/Strategy/Partnerships	Planet	https://www.planet.com/	San Francisco, California, United States	37.7792588	-122.4193286	Chris Holmes	1.0
153	2022-04-06	Fake Satellite Imagery	40:34:00	Earth Observation, Geospatial Tech and Tools	Ron	Hagensieker	https://www.linkedin.com/in/ronhagensieker/	m	Chief Earth Observer	osri.io	https://osir.io/	Berlin, Berlin, Germany	52.5103817	13.4349112	Ron Hagensieker	1.0
154	2022-04-13	Getting Your Dream Job in Earth Observation	53:12:00	Earth Observation, Geospatial Career, GIS	Eric	Jensen	https://www.linkedin.com/in/eric-r-jensen/	m	Geospatial Data Scientist	Climate Engine	https://www.climateengine.org/	Fort Collins, Colorado, United States	40.5871782	-105.0770113	Eric Jensen	2.0
155	2022-04-20	Build Your Own SaaS	44:58:00	Earth Observation, Geospatial Startups, Geospatial Tech and Tools	Jakub	Dziwisz	https://www.linkedin.com/in/dziwisz/?originalSubdomain=pl	m	CEO	Orbify	https://orbify.com/	Cracow, Malopolskie, Poland	50.0606452	19.9370985	Jakub Dziwisz	1.0
156	2022-04-28	Digital twins Ð not just a buzzword	41:54:00	Geospatial Concepts, Geospatial Tech and Tools, GIS	Gregor	Willhauck	https://www.linkedin.com/in/gwillhauck/?originalSubdomain=de	m	Cloud Solutions Market Manager	Trimble	https://www.trimble.com/en	Munich, Bavaria, Germany	48.1371079	11.5753822	Gregor Willhauck	1.0
157	2022-06-01	Building a web based mapping tool into a business	49:35:00	Geospatial Career, Geospatial Startups, Geospatial Tech and Tools, GIS	Tom	McWright	https://www.linkedin.com/in/macwright/	m	Founder	Placemark	https://www.placemark.io/	Brooklyn, New York, United States	40.6526006	-73.9497211	Tom McWright	1.0
158	2022-06-08	FOSS4G	26:10:00	Geospatial Tech and Tools	Andrea	Antonello	https://www.linkedin.com/in/andreaantonello/	m	Member	OSGS	https://www.osgeo.org/	Bolzano, Italy	46.6559455	11.2302129	Andrea Antonello	1.0
159	2022-06-25	What Is Modern GIS?	48:00:00	Geospatial Career, Geospatial Tech and Tools, GIS	Matt	Forrest	https://www.linkedin.com/in/mbforr/	m	VP of Solutions Engineering	Carto	https://carto.com/	New York, New York, United States	40.7127281	-74.0060152	Matt Forrest	1.0
160	2022-06-29	Unstructured Data Is Dark Data	41:26:00	Geospatial Startups, Geospatial Tech and Tools, GIS	Kirk	Maple	https://www.linkedin.com/in/kirkmarple/	m	CEO, Technical Founder	Unstruk Data	https://www.graphlit.com/	Seattle, Washington, United States	47.6038321	-122.330062	Kirk Maple	1.0
163	2022-07-06	Sentinel Hub	51:06:00	Earth Observation, Geospatial Concepts, Geospatial Tech and Tools	Grega	Milcinski	https://www.linkedin.com/in/gregamilcinski/?originalSubdomain=si	m	General Manager	Sinergise	https://www.sinergise.com/	Ljubljana, Slovenia	46.0500268	14.5069289	Grega Milcinski	1.0
161	2022-07-20	Whitebox Tools Is The Backend To Many Frontends	50:35:00	Geospatial Tech and Tools, GIS	John	Lindsay	https://www.linkedin.com/in/john-lindsay-phd/	m	Co-Founder	Whitebox Geospatial	https://www.whiteboxgeo.com/	Kitchener, Ontario, Canada	43.451291	-80.4927815	John Lindsay	2.0
162	2022-07-20	QGIS Offline And In The Field	35:53:00	Geospatial Career, Geospatial Tech and Tools, GIS	Peter	Petrik	https://www.linkedin.com/in/peter-petrik/	m	Partner	Lutra Consulting	https://www.lutraconsulting.co.uk/	Litomysl, Pardubice, Czechia	49.8725491	16.3101243	Peter Petrik	2.0
164	2022-07-27	Monetizing An Open-Source Geospatial Project	59:04:00	Geospatial Startups, Geospatial Tech and Tools, GIS	John	Lindsay	https://www.linkedin.com/in/john-lindsay-phd/	m	Co-Founder	Whitebox Geospatial	https://www.whiteboxgeo.com/	Kitchener, Ontario, Canada	43.451291	-80.4927815	John Lindsay	2.0
165	2022-08-03	The Open Geospatial Consortium	44:56:00	Geospatial Career, Geospatial Startups, Geospatial Tech and Tools	Nadine	Alameh	https://www.linkedin.com/in/nadinealameh/	f	CEO	Open Geospatial Consortium	https://www.ogc.org/	Washington, District of Columbia, United States	38.8950368	-77.0365427	Nadine Alameh	2.0
166	2022-08-08	Re-Published Ð QGIS Offline And In The Field	35:52:00		Peter	Petrik	https://www.linkedin.com/in/peter-petrik/	m	Partner	Lutra Consulting	https://www.lutraconsulting.co.uk/	Litomysl, Pardubice, Czechia	49.8725491	16.3101243	Peter Petrik	2.0
167	2022-08-10	Bathymetric Lidar and Blue Carbon	44:16:00	Earth Observation, Geospatial Concepts, Geospatial Tech and Tools	Andy	Waddington	https://www.linkedin.com/in/akwaddington/	m	VP Bathymetric Services	Hexagon Geosystems	https://hexagon.com/company/divisions/geosystems	Taunton, England, United Kingdom	51.0147895	-3.1029086	Andy Waddington	1.0
168	2022-08-18	How To Keep Your Satellite Pointing At Earth	39:55:00	Earth Observation, Geospatial Concepts, Geospatial Tech and Tools	Jack	Reid	https://www.linkedin.com/in/jack-reid-67461351/	m	Doctoral Researcher	MIT Media Lab	https://www.media.mit.edu/	Cambridge, Massachusetts, United States	42.3656347	-71.1040018	Jack Reid	1.0
169	2022-08-31	Finding Water Leaks From Space	39:50:00	Earth Observation, Geospatial Startups, Geospatial Tech and Tools	Lauren	Guy	https://www.linkedin.com/in/lauren-guy-9bb55351/	m	CTO, Co-Founder	ASTERRA	https://asterra.io/	Tel Aviv, Israel	32.0852997	34.7818064	Lauren Guy	1.0
170	2022-09-08	The Business of Web Maps	52:32:00	Geospatial Startups, Geospatial Tech and Tools, GIS	Jonathan	Wagner	https://www.linkedin.com/in/jonathandavidwagner/?originalSubdomain=ca	m	CEO, Founder	Scribble Maps	https://www.scribblemaps.com/	Windsor, Ontario, Canada	42.3167397	-83.0373389	Jonathan Wagner	1.0
171	2022-09-14	Hex Tiles	43:06:00	Geospatial Concepts, Geospatial Tech and Tools, GIS	Shan	He	https://www.linkedin.com/in/shan-he-25400b16/	f	Senior Director of Engineering	Foursquare	https://location.foursquare.com/	San Francisco, California, United States	37.7792588	-122.4193286	Shan He	1.0
172	2022-09-21	Monitoring Atmospheric Pollution From Space	38:53:00	Earth Observation, Geospatial Tech and Tools	Mark	Parrington	https://www.linkedin.com/in/mark-p-84643b185/	m	Senior Scientist	European Centre for Medium-Range Weather Forecast	https://www.ecmwf.int/	Cologne Bonn Region	50.8285133	6.9960294	Mark Parrington	1.0
173	2022-09-22	I Quit My Job	13:08	Geospatial Career, GIS	Daniel	O'Donohue	https://www.linkedin.com/in/danielodonohue/	m	CEO, Founder	MapScaping	https://mapscaping.com/	Vejle, Syddanmark, Denmark	55.7066917	9.5365649	Daniel O'Donohue	8.0
174	2022-09-28	Thermal Imagery From Space	38:51:00	Earth Observation, Geospatial Career, Geospatial Concepts, Geospatial Startups, Geospatial Tech and Tools	Robin	Cole	https://www.linkedin.com/in/robmarkcole/	m	Senior Data Scientist	Satellite Vu	https://www.satellitevu.com/	United Kingdom	54.7023545	-3.2765753	Robin Cole	1.0
175	2022-10-05	Peer To Peer Mapping and Digital Democracy	41:48:00	Geospatial Career, Geospatial Tech and Tools, GIS	Gregor	McLennan	https://www.linkedin.com/in/gmaclennan/?originalSubdomain=uk	m	Technology	Digital Democracy	https://www.digital-democracy.org/	London, United Kingdom	51.4893335	-0.1440551	Gregor McLennan	1.0
176	2022-10-19	Mid-Career Change	59:43:00	Geospatial Career, GIS	Thierry	Gregorius	https://www.linkedin.com/in/thierrygregorius/	m	Executive Coach	True Horizon Coaching	https://truehorizoncoaching.com/	Sidmouth, England, United Kingdom	50.6790033	-3.237657	Thierry Gregorius	2.0
177	2022-10-28	Artificial Intelligence	45:30:00	Earth Observation, Geospatial Career, Geospatial Tech and Tools	Daniel	Whitenack	https://www.linkedin.com/in/danielwhitenack/	m	Data Scientist	SIL International	https://www.sil.org/	Lafayette, Indiana, United States	40.4191229	-86.8919011	Daniel Whitenack	3.0
178	2022-11-02	Full Stack Cartography	56:31:00	Geospatial Concepts, Geospatial Tech and Tools, GIS	Alan	McConchie	https://www.linkedin.com/in/alanmcconchie/	m	Lead Cartographer	Stamen	https://stamen.com/	Bellingham, Washington, United States	48.7544012	-122.478836	Alan McConchie	1.0
179	2022-11-15	Cloud Optimized Point Clouds	37:52:00	Geospatial Concepts, Geospatial Tech and Tools, GIS	Martin	Dobias	https://www.linkedin.com/in/martin-dobias-92590339/	m	CTO	Lutra Consulting	https://www.lutraconsulting.co.uk/	London, UK?	51.4893335	-0.1440551	Martin Dobias	1.0
180	2022-11-30	Reduce and Reverse Tropical Forest Loss With NICFI	37:45:00	Earth Observation	Tara	O'Shea	https://www.linkedin.com/in/tfoshea/	f	Senior Director	Planet	https://www.planet.com/	San Francisco, California, United States	37.7792588	-122.4193286	Tara O'Shea	1.0
181	2022-12-07	How Google Calculates Your Location	43:52:00	Geospatial Concepts, Geospatial Tech and Tools	Ed	Parsons	https://www.linkedin.com/in/edparsons/?originalSubdomain=uk	m	Geospatial Technologist	Google	https://about.google/	London, England, United Kingdom	51.4893335	-0.1440551	Ed Parsons	2.0
182	2023-01-11	geospatial consulting Ð as a business and a career	46:52:00	Geospatial Career, GIS	Todd	Slind	https://www.linkedin.com/in/todd-slind/	m	VP of Technology	Locana	https://www.locana.co/	Bellingham, Washington, United States	48.7544012	-122.478836	Todd Slind	1.0
183	2023-01-18	ChronoCards Ð Building a Business on ArcGIS Pro	43:26:00	Geospatial Career, Geospatial Startups	Mike	Davlantes	https://www.linkedin.com/in/mikedavlantes/	m	Sales & Software Engineer	ChronoCards	https://chrono.cards/	Grand Junction, Colorado, United States	39.0672568	-108.56448	Mike Davlantes	1.0
184	2023-01-25	The technology stack and the cultural stack	50:57:00	Geospatial Concepts	Ingo	Simonis	https://www.linkedin.com/in/ingosimonis/	m	CTO	Open Geospatial Consortium	https://www.ogc.org/	Kriftel, Hesse, Germany	50.0850027	8.4707355	Ingo Simonis	1.0
185	2023-02-01	Aerial Imagery: The State Of The Art	52:07:00	Earth Observation, Geospatial Concepts, Geospatial Tech and Tools	Michael	Bewley	https://www.linkedin.com/in/michaelbewley/?originalSubdomain=au	m	Senior Director AI Systems	Nearmap	https://www.nearmap.com/us/en	Barangaroo, New South Wales, Australia	-33.8614084	151.2016877	Michael Bewley	2.0
186	2023-02-08	Geospatial Support for the UN World Food Programme	41:39:00	Earth Observation, Geospatial Career	Rohini	Swaminathan	https://www.linkedin.com/in/rohiniswaminathan/	f	Head of Geospatial Unit	UN World Food Programme	https://www.wfp.org/	Rome, Latium, Italy	41.8933203	12.4829321	Rohini Swaminathan	1.0
187	2023-02-15	Distributing Geospatial Data	51:11:00	Geospatial Concepts, Geospatial Tech and Tools	Mo	Sarwat	https://www.linkedin.com/in/mosarwat/	m	CEO	Wherobots	https://wherobots.com/	Scottsdale, Arizona, United States	33.4942189	-111.926018	Mo Sarwat	1.0
188	2023-02-22	Making Money With Geospatial Content	38:50:00	Geospatial Career	Konrad	Hafen	https://www.linkedin.com/in/konrad-hafen-2953a251/	m	Hydrologist	USGS	https://www.usgs.gov/	Cedar City, Utah, United States	37.6774238	-113.061827	Konrad Hafen	1.0
189	2023-03-01	Navigating the World of Geospatial Standards	46:51:00	Geospatial Concepts, Geospatial Tech and Tools, GIS	Scott	Simmons	https://www.linkedin.com/in/scott-simmons-9550a34/	m	Chief Standards Officer	Open Geospatial Consortium	https://www.ogc.org/	Fort Collins, Colorado, United States	40.5871782	-105.0770113	Scott Simmons	1.0
190	2023-03-08	Geospatial Archaeology	45:54:00	Geospatial Career, Geospatial Tech and Tools	Peter	Spencer	https://www.linkedin.com/in/peter-spencer-mcifa-162292136/	m	Archeologist	Freelance		West Midlands, England, United Kingdom	52.5050033	-1.9643961	Peter Spencer	1.0
191	2023-03-15	Storytelling With  Point Clouds	39:42:00	Geospatial Tech and Tools, GIS	Benjamin	Mller	https://www.linkedin.com/in/benjamin-m%C3%BCller-8a655a134/	m	Senior Electronic Design Engineer	Leica Geosystems	https://leica-geosystems.com/	St Gallen, Switzerland	47.425618	9.3762397	Benjamin Mller	1.0
192	2023-03-22	Planet Scale Tiled Maps Without A Server	37:59:00	Geospatial Concepts, Geospatial Tech and Tools, GIS	Brandon	Liu	https://www.linkedin.com/in/bdonl/?originalSubdomain=tw	m	Founder & Lead Developer	Protomaps	https://protomaps.com/	Taipei, Taipei City, Taiwan	25.061706	121.4589414	Brandon Liu	1.0
193	2023-04-02	All Of The Places In The World	42:29:00	Geospatial Tech and Tools, GIS	Kyle	Fowler	https://www.linkedin.com/in/kyle-fowler-60391512/	m	Senior Director Engineering	Foursquare	https://location.foursquare.com/	Chicago, United States of America	41.8755616	-87.6244212	Kyle Fowler	1.0
194	2023-04-13	Hyperspectral vs Multispectral	38:46:00	Earth Observation, Geospatial Concepts, Geospatial Tech and Tools	Gordon	Logie	https://www.linkedin.com/in/gordonlogie/?originalSubdomain=ca	m	Senior Data Scientist	Sparkgeo	https://sparkgeo.com/	Lethbridge, Alberta, Canada	49.6945782	-112.8331033	Gordon Logie	1.0
195	2023-04-19	Designing for Location Privacy	42:18:00	Geospatial Concepts, GIS	Elizabeth	Hein	https://www.linkedin.com/in/elizabeth-hein-77302810/	f	Associate General Counsel - Privacy, Product and Compliance	Foursquare	https://location.foursquare.com/	Washington, District of Columbia, United States	38.8950368	-77.0365427	Elizabeth Hein	1.0
196	2023-04-26	Computer Vision and GeoAI	37:58:00	Earth Observation, Geospatial Concepts, Geospatial Tech and Tools	Jordi	Inglada	https://www.linkedin.com/in/jordi-inglada-08ab7313a/	m	Research Engineer	CNES	https://cnes.fr/en	Toulouse, Occitanie, France	43.6044622	1.4442469	Jordi Inglada	1.0
197	2023-05-07	Spatial Knowledge Graphs	32:04:00	Geospatial Concepts	Vikram	Gundeti	https://www.linkedin.com/in/vikramgundeti/	m	VP/Distinguished Engineer	Foursquare	https://location.foursquare.com/	Seattle, Washington, United States	47.6038321	-122.330062	Vikram Gundeti	1.0
198	2023-05-10	ChatGPT and Large Language Models	50:13:00	Geospatial Concepts, Geospatial Tech and Tools, GIS	Daniel	Whitenack	https://www.linkedin.com/in/danielwhitenack/	m	Data Scientist	SIL International	https://www.sil.org/	Lafayette, Indiana, United States	40.4191229	-86.8919011	Daniel Whitenack	3.0
199	2023-05-17	Rasters In A Database?	34:21:00	Geospatial Concepts, Geospatial Tech and Tools, GIS	Paul	Ramsey	https://www.linkedin.com/in/paul-ramsey-717134/?originalSubdomain=ca	m	Executive Geospatial Engineer	Crunchy Data	https://www.crunchydata.com/	Victoria, British Columbia, Canada	48.4283182	-123.364953	Paul Ramsey	5.0
200	2023-05-24	Big Data In The Browser	57:17:00	Geospatial Concepts, Geospatial Tech and Tools	Nick	Rabinowitz	https://www.linkedin.com/in/nrabinowitz/	m	Senior Staff Software Engineer	Foursquare	https://location.foursquare.com/	Oakland, California, United States	37.8044557	-122.271356	Nick Rabinowitz	1.0
201	2023-05-31	pygeoapi Ð A Python Geospatial Server	37:03:00	Geospatial Tech and Tools, GIS	Tom	Kralidis	https://www.linkedin.com/in/tomkralidis/?originalSubdomain=ca	m	Senior Geospatial Architect	Environment and Climate Change Canada	https://www.canada.ca/en/environment-climate-change.html	Toronto, Ontario, Canada	43.6534817	-79.3839347	Tom Kralidis	1.0
202	2023-06-07	From Pixels to Patterns: AI in Spatial Analysis	01:05:50	Geospatial Concepts	Vin	Sharma	https://www.linkedin.com/in/ciphr/	m	VP of Engineering	Foursquare	https://location.foursquare.com/	San Francisco Bay Area	37.7884969	-122.3558473	Vin Sharma	1.0
203	2023-06-14	Using Lasers To Talk To Satellites	44:51:00	Earth Observation, Geospatial Concepts, Geospatial Tech and Tools	Jordan	Wachs	https://www.linkedin.com/in/jordan-wachs/	m	Director of Business and Product Development	SpaceRake	https://spacerake.net/	Greater Boston	42.28995	-71.07146	Jordan Wachs	1.0
204	2023-06-22	Applying For A Job, Getting Picked and Negotiating The Contract	01:00:07	Geospatial Career	Jett	Metcalf	https://www.linkedin.com/in/jett-metcalf-68898783/	m	Principal Recruiter	Regrow Ag	https://www.regrow.ag/	Albuquerque, New Mexico, United States	35.0841034	-106.650985	Jett Metcalf	1.0
205	2023-06-28	PostgreSQL Ð Listen and Notify Clients In Real Time	26:28:00	Geospatial Tech and Tools, GIS	Paul	Ramsey	https://www.linkedin.com/in/paul-ramsey-717134/?originalSubdomain=ca	m	Executive Geospatial Engineer	Crunchy Data	https://www.crunchydata.com/	Victoria, British Columbia, Canada	48.4283182	-123.364953	Paul Ramsey	5.0
206	2023-07-05	The Rapid Editor	51:59:00	Geospatial Tech and Tools, GIS	Ben	Clark	https://www.linkedin.com/in/ben-clark-14197a8/	m	Geospatial SWE	Meta	https://rapideditor.org	Chelmsford, Massachusetts, United States	42.5968617	-71.3517602	Ben Clark	1.0
207	2023-07-19	Felt Ð Upload Anything	39:30:00	Geospatial Tech and Tools, GIS	Sam	Hashemi	https://www.linkedin.com/in/samhashemi/	m	CEO, Founder	Felt	https://felt.com/	Oakland, California, United States	37.8044557	-122.271356	Sam Hashemi	1.0
208	2023-08-03	Hub Ocean	38:53:00	Geospatial Concepts, Geospatial Startups	Tara	Baris	https://www.linkedin.com/in/tara-baris/?originalSubdomain=no	f	Senior Data Scientist	HUB Ocean	https://www.hubocean.earth/	Oslo, Norway	59.9133301	10.7389701	Tara Baris	1.0
209	2023-08-09	Synthetic Data For Real Problems	01:02:36	Earth Observation, Geospatial Startups, Geospatial Tech and Tools	Chris	Andrews	https://www.linkedin.com/in/chrisjandrews/	m	COO, Head of Product	Rendered.AI	https://rendered.ai/	Irvine, California, United States	33.6856969	-117.825981	Chris Andrews	1.0
210	2023-08-16	100 billion Points Every Day	49:07:00	Geospatial Concepts, Geospatial Tech and Tools	Gabriel	Durkin	https://www.linkedin.com/in/gabrieldurkin/	m	Director of Data Science	Foursquare	https://location.foursquare.com/	San Francisco, California, United States	37.7792588	-122.4193286	Gabriel Durkin	1.0
211	2023-08-30	Overture Maps And The Daylight Distribution	52:23:00	Geospatial Concepts, Geospatial Tech and Tools, GIS	Jennings	Anderson	https://www.linkedin.com/in/jenningsanderson/	m	Research Scientist	Meta	https://www.metacareers.com/	Salem, Oregon, United States	44.9391565	-123.033121	Jennings Anderson	2.0
212	2023-09-19	From GNSS to VPS	54:59:00		Sandy	Kennedy	https://www.linkedin.com/in/sandy-kennedy-569a6a4/	f	Vice President Innovation	Hexagon Autonomy & Positioning	https://hexagon.com/company/divisions/autonomy-and-positioning	Calgary, Alberta, Canada	51.0456064	-114.057541	Sandy Kennedy	1.0
213	2023-10-04	Strategic Buy-In For FOSS4G	45:47:00		Tee	Barr	https://www.linkedin.com/in/toddbarr/	n	Director of Product	Verisk	https://www.verisk.com/	Greater Boston	42.28995	-71.07146	Tee Barr	2.0
214	2023-11-15	Entity Resolution with Placekey	40:25:00		Auren	Hoffman	https://www.linkedin.com/in/auren/	m	CEO and Chief Historian	SafeGraph	https://www.safegraph.com/	Arlington, Virginia, United States	38.8769326	-77.0893094	Auren Hoffman	1.0
215	2023-11-22	Personal Branding in Geospatial	50:12:00		Helena	Merschdorf	https://www.linkedin.com/in/helenamerschdorf/	f	Copywriter and Content Strategist	Tales Consulting	https://www.tales.co.nz/	Nelson, Nelson, New Zealand	-41.2710849	173.2836756	Helena Merschdorf	1.0
216	2023-11-30	Fire Mapping, Maritime Search And Wide Angle Imaging	46:27:00		Alison	Harrod	https://www.linkedin.com/in/alisonharrod/	f	Mission Success  Manager	Overwatch Imaging	https://www.overwatchimaging.com/	Hood River, Oregon, United States	45.5311636	-121.6475587	Alison Harrod	1.0
217	2023-12-06	Planet Ð Imaging Everything, Every Day É Almost	45:19:00		Justin	Davis	https://www.linkedin.com/in/justin-d-davis/	m	Senior Product Manager	Planet	https://www.planet.com/	San Francisco Bay Area	37.7884969	-122.3558473	Justin Davis	1.0
218	2023-12-14	Making Beautiful Maps In Felt	52:36:00		Mamata	Akella	https://www.linkedin.com/in/mamataakella/	f	Cartographic System Designer	Felt	https://felt.com/	Denver, Colorado, United States	39.7392364	-104.984862	Mamata Akella	1.0
219	2023-12-20	The Business of QGIS Development	52:26:00		Nyall	Dawson	https://www.linkedin.com/in/nyall-dawson-18b6016a/	m	Proprietor	North Road	https://north-road.com/	Tanawha, Queensland, Australia	-26.7211715	153.028385	Nyall Dawson	1.0
220	2023-12-27	GPS Reimagined	45:36:00		Sean	Gorman	https://www.linkedin.com/in/sean-gorman-93a79/	m	CEO, Founder	Zephr	https://www.zephr.xyz/	Louisville, Colorado, United States	39.977763	-105.1319296	Sean Gorman	1.0
221	2024-01-09	GeeMap	54:55:00		Qiusheng	Wu	https://www.linkedin.com/in/giswqs/	m	Associate Professor	University of Tennessee Knoxville	https://wetlands.io/	Knoxville, Tennessee, United States	35.9603948	-83.9210261	Qiusheng Wu	2.0
222	2024-01-26	Introduction to Cloud Native Geospatial	55:13:00		Alex	Leith	https://www.linkedin.com/in/alex-leith/	m	Executive Director	Auspatious	https://auspatious.com/	Hobart, Tasmania, Australia	-42.8825088	147.3281233	Alex Leith	1.0
223	2024-02-15	Introduction To LIDAR & Point Clouds	48:52:00		Nejc	Dougan	https://www.linkedin.com/in/nejcdougan/	m	CTO	Flai	https://www.flai.ai/	Ljubljana, Slovenia	46.0500268	14.5069289	Nejc Dougan	1.0
224	2024-02-29	Modern Geospatial	48:25:00		Will	Cadell	https://www.linkedin.com/in/willcadell/?originalSubdomain=ca	m	CEO, Founder	Sparkgeo	https://sparkgeo.com/	Prince George, BC, Canada	53.9128645	-122.7453699	Will Cadell	1.0
225	2024-03-15	The Way You Talk About Your Geospatial Skills Is Costing You Money	52:17:00		Brian	Timoney	https://www.linkedin.com/in/brian-timoney-a760534/	m	Owner	The Timoney Group	https://www.thetimoneygroup.com/	Denver, Colorado, United States	39.7392364	-104.984862	Brian Timoney	1.0
226	2024-03-21	GNSS receivers â why precise positioning will not be coming to your phone any time soon	51:01:00		Igor	Vereninov	https://www.linkedin.com/in/igor-vereninov-52a73ab0/	m	CEO, Founder	Emlid	https://emlid.com/	Budapest, Budapest, Hungary	47.3894803	19.1202745	Igor Vereninov	1.0
